00c0;A;latin capital letter a with grave
00c1;A;latin capital letter a with acute
00c2;A;latin capital letter a with circumflex
00c3;A;latin capital letter a with tilde
00c4;A;latin capital letter a with diaeresis
00c5;A;latin capital letter a with ring above
00c6;AE;latin capital letter ae
00c7;C;latin capital letter c with cedilla
00c8;E;latin capital letter e with grave
00c9;E;latin capital letter e with acute
00ca;E;latin capital letter e with circumflex
00cb;E;latin capital letter e with diaeresis
00cc;I;latin capital letter i with grave
00cd;I;latin capital letter i with acute
00ce;I;latin capital letter i with circumflex
00cf;I;latin capital letter i with diaeresis
00d0;D;latin capital letter eth
00d1;N;latin capital letter n with tilde
00d2;O;latin capital letter o with grave
00d3;O;latin capital letter o with acute
00d4;O;latin capital letter o with circumflex
00d5;O;latin capital letter o with tilde
00d6;O;latin capital letter o with diaeresis
00d8;O;latin capital letter o with stroke
00d9;U;latin capital letter u with grave
00da;U;latin capital letter u with acute
00db;U;latin capital letter u with circumflex
00dc;U;latin capital letter u with diaeresis
00dd;Y;latin capital letter y with acute
00de;Th;latin capital letter thorn
00df;s;latin small letter sharp s
00e0;a;latin small letter a with grave
00e1;a;latin small letter a with acute
00e2;a;latin small letter a with circumflex
00e3;a;latin small letter a with tilde
00e4;a;latin small letter a with diaeresis
00e5;a;latin small letter a with ring above
00e6;ae;latin small letter ae
00e7;c;latin small letter c with cedilla
00e8;e;latin small letter e with grave
00e9;e;latin small letter e with acute
00ea;e;latin small letter e with circumflex
00eb;e;latin small letter e with diaeresis
00ec;i;latin small letter i with grave
00ed;i;latin small letter i with acute
00ee;i;latin small letter i with circumflex
00ef;i;latin small letter i with diaeresis
00f0;d;latin small letter eth
00f1;n;latin small letter n with tilde
00f2;o;latin small letter o with grave
00f3;o;latin small letter o with acute
00f4;o;latin small letter o with circumflex
00f5;o;latin small letter o with tilde
00f6;o;latin small letter o with diaeresis
00f8;o;latin small letter o with stroke
00f9;u;latin small letter u with grave
00fa;u;latin small letter u with acute
00fb;u;latin small letter u with circumflex
00fc;u;latin small letter u with diaeresis
00fd;y;latin small letter y with acute
00fe;th;latin small letter thorn
00ff;y;latin small letter y with diaeresis
0100;A;latin capital letter a with macron
0101;a;latin small letter a with macron
0102;A;latin capital letter a with breve
0103;a;latin small letter a with breve
0104;A;latin capital letter a with ogonek
0105;a;latin small letter a with ogonek
0106;C;latin capital letter c with acute
0107;c;latin small letter c with acute
0108;C;latin capital letter c with circumflex
0109;c;latin small letter c with circumflex
010a;C;latin capital letter c with dot above
010b;c;latin small letter c with dot above
010c;C;latin capital letter c with caron
010d;c;latin small letter c with caron
010e;D;latin capital letter d with caron
010f;d;latin small letter d with caron
0110;D;latin capital letter d with stroke
0111;d;latin small letter d with stroke
0112;E;latin capital letter e with macron
0113;e;latin small letter e with macron
0114;E;latin capital letter e with breve
0115;e;latin small letter e with breve
0116;E;latin capital letter e with dot above
0117;e;latin small letter e with dot above
0118;E;latin capital letter e with ogonek
0119;e;latin small letter e with ogonek
011a;E;latin capital letter e with caron
011b;e;latin small letter e with caron
011c;G;latin capital letter g with circumflex
011d;g;latin small letter g with circumflex
011e;G;latin capital letter g with breve
011f;g;latin small letter g with breve
0120;G;latin capital letter g with dot above
0121;g;latin small letter g with dot above
0122;G;latin capital letter g with cedilla
0123;g;latin small letter g with cedilla
0124;H;latin capital letter h with circumflex
0125;h;latin small letter h with circumflex
0126;H;latin capital letter h with stroke
0127;h;latin small letter h with stroke
0128;I;latin capital letter i with tilde
0129;i;latin small letter i with tilde
012a;I;latin capital letter i with macron
012b;i;latin small letter i with macron
012c;I;latin capital letter i with breve
012d;i;latin small letter i with breve
012e;I;latin capital letter i with ogonek
012f;i;latin small letter i with ogonek
0130;I;latin capital letter i with dot above
0131;i;latin small letter dotless i
0132;IJ;latin capital ligature ij
0133;ij;latin small ligature ij
0134;J;latin capital letter j with circumflex
0135;j;latin small letter j with circumflex
0136;K;latin capital letter k with cedilla
0137;k;latin small letter k with cedilla
0138;q;latin small letter kra
0139;L;latin capital letter l with acute
013a;l;latin small letter l with acute
013b;L;latin capital letter l with cedilla
013c;l;latin small letter l with cedilla
013d;L;latin capital letter l with caron
013e;l;latin small letter l with caron
013f;L;latin capital letter l with middle dot
0140;l;latin small letter l with middle dot
0141;L;latin capital letter l with stroke
0142;l;latin small letter l with stroke
0143;N;latin capital letter n with acute
0144;n;latin small letter n with acute
0145;N;latin capital letter n with cedilla
0146;n;latin small letter n with cedilla
0147;N;latin capital letter n with caron
0148;n;latin small letter n with caron
0149;n;latin small letter n preceded by apostrophe
014a;NG;latin capital letter eng
014b;ng;latin small letter eng
014c;O;latin capital letter o with macron
014d;o;latin small letter o with macron
014e;O;latin capital letter o with breve
014f;o;latin small letter o with breve
0150;O;latin capital letter o with double acute
0151;o;latin small letter o with double acute
0152;OE;latin capital ligature oe
0153;oe;latin small ligature oe
0154;R;latin capital letter r with acute
0155;r;latin small letter r with acute
0156;R;latin capital letter r with cedilla
0157;r;latin small letter r with cedilla
0158;R;latin capital letter r with caron
0159;r;latin small letter r with caron
015a;S;latin capital letter s with acute
015b;s;latin small letter s with acute
015c;S;latin capital letter s with circumflex
015d;s;latin small letter s with circumflex
015e;S;latin capital letter s with cedilla
015f;s;latin small letter s with cedilla
0160;S;latin capital letter s with caron
0161;s;latin small letter s with caron
0162;T;latin capital letter t with cedilla
0163;t;latin small letter t with cedilla
0164;T;latin capital letter t with caron
0165;t;latin small letter t with caron
0166;T;latin capital letter t with stroke
0167;t;latin small letter t with stroke
0168;U;latin capital letter u with tilde
0169;u;latin small letter u with tilde
016a;U;latin capital letter u with macron
016b;u;latin small letter u with macron
016c;U;latin capital letter u with breve
016d;u;latin small letter u with breve
016e;U;latin capital letter u with ring above
016f;u;latin small letter u with ring above
0170;U;latin capital letter u with double acute
0171;u;latin small letter u with double acute
0172;U;latin capital letter u with ogonek
0173;u;latin small letter u with ogonek
0174;W;latin capital letter w with circumflex
0175;w;latin small letter w with circumflex
0176;Y;latin capital letter y with circumflex
0177;y;latin small letter y with circumflex
0178;Y;latin capital letter y with diaeresis
0179;Z;latin capital letter z with acute
017a;z;latin small letter z with acute
017b;Z;latin capital letter z with dot above
017c;z;latin small letter z with dot above
017d;Z;latin capital letter z with caron
017e;z;latin small letter z with caron
017f;s;latin small letter long s
0180;b;latin small letter b with stroke
0181;B;latin capital letter b with hook
0182;B;latin capital letter b with topbar
0183;b;latin small letter b with topbar
0184;H;latin capital letter tone six
0185;h;latin small letter tone six
0186;O;latin capital letter open o
0187;C;latin capital letter c with hook
0188;c;latin small letter c with hook
0189;D;latin capital letter african d
018a;D;latin capital letter d with hook
018b;D;latin capital letter d with topbar
018c;d;latin small letter d with topbar
018d;d;latin small letter turned delta
018e;E;latin capital letter reversed e
018f;AE;latin capital letter schwa
0190;E;latin capital letter open e
0191;F;latin capital letter f with hook
0192;f;latin small letter f with hook
0193;G;latin capital letter g with hook
0194;G;latin capital letter gamma
0195;hv;latin small letter hv
0196;I;latin capital letter iota
0197;I;latin capital letter i with stroke
0198;K;latin capital letter k with hook
0199;k;latin small letter k with hook
019a;l;latin small letter l with bar
019b;l;latin small letter lambda with stroke
019c;M;latin capital letter turned m
019d;N;latin capital letter n with left hook
019e;n;latin small letter n with long right leg
019f;O;latin capital letter o with middle tilde
01a0;O;latin capital letter o with horn
01a1;o;latin small letter o with horn
01a2;OI;latin capital letter oi
01a3;oi;latin small letter oi
01a4;P;latin capital letter p with hook
01a5;p;latin small letter p with hook
01a6;yr;latin letter yr
01a7;S;latin capital letter tone two
01a8;s;latin small letter tone two
01a9;SH;latin capital letter esh
01aa;sh;latin letter reversed esh loop
01ab;t;latin small letter t with palatal hook
01ac;T;latin capital letter t with hook
01ad;t;latin small letter t with hook
01ae;T;latin capital letter t with retroflex hook
01af;U;latin capital letter u with horn
01b0;u;latin small letter u with horn
01b1;U;latin capital letter upsilon
01b2;V;latin capital letter v with hook
01b3;Y;latin capital letter y with hook
01b4;y;latin small letter y with hook
01b5;Z;latin capital letter z with stroke
01b6;z;latin small letter z with stroke
01b7;S;latin capital letter ezh
01b8;s;latin capital letter ezh reversed
01b9;s;latin small letter ezh reversed
01ba;s;latin small letter ezh with tail
01bb;2;latin letter two with stroke
01bc;Q;latin capital letter tone five
01bd;q;latin small letter tone five
01be;?;latin letter inverted glottal stop with stroke
01bf;w;latin letter wynn
01c4;DZ;latin capital letter dz with caron
01c5;D;latin capital letter d with small letter z with caron
01c6;dz;latin small letter dz with caron
01c7;LJ;latin capital letter lj
01c8;L;latin capital letter l with small letter j
01c9;lj;latin small letter lj
01ca;NJ;latin capital letter nj
01cb;N;latin capital letter n with small letter j
01cc;nj;latin small letter nj
01cd;A;latin capital letter a with caron
01ce;a;latin small letter a with caron
01cf;I;latin capital letter i with caron
01d0;i;latin small letter i with caron
01d1;O;latin capital letter o with caron
01d2;o;latin small letter o with caron
01d3;U;latin capital letter u with caron
01d4;u;latin small letter u with caron
01d5;U;latin capital letter u with diaeresis and macron
01d6;u;latin small letter u with diaeresis and macron
01d7;U;latin capital letter u with diaeresis and acute
01d8;u;latin small letter u with diaeresis and acute
01d9;U;latin capital letter u with diaeresis and caron
01da;u;latin small letter u with diaeresis and caron
01db;U;latin capital letter u with diaeresis and grave
01dc;u;latin small letter u with diaeresis and grave
01dd;e;latin small letter turned e
01de;A;latin capital letter a with diaeresis and macron
01df;a;latin small letter a with diaeresis and macron
01e0;A;latin capital letter a with dot above and macron
01e1;a;latin small letter a with dot above and macron
01e2;AE;latin capital letter ae with macron
01e3;ae;latin small letter ae with macron
01e4;G;latin capital letter g with stroke
01e5;g;latin small letter g with stroke
01e6;G;latin capital letter g with caron
01e7;g;latin small letter g with caron
01e8;K;latin capital letter k with caron
01e9;k;latin small letter k with caron
01ea;O;latin capital letter o with ogonek
01eb;o;latin small letter o with ogonek
01ec;O;latin capital letter o with ogonek and macron
01ed;o;latin small letter o with ogonek and macron
01ee;S;latin capital letter ezh with caron
01ef;s;latin small letter ezh with caron
01f0;j;latin small letter j with caron
01f1;DZ;latin capital letter dz
01f2;D;latin capital letter d with small letter z
01f3;dz;latin small letter dz
01f4;G;latin capital letter g with acute
01f5;g;latin small letter g with acute
01f6;WH;latin capital letter hwair
01f7;W;latin capital letter wynn
01f8;N;latin capital letter n with grave
01f9;n;latin small letter n with grave
01fa;A;latin capital letter a with ring above and acute
01fb;a;latin small letter a with ring above and acute
01fc;AE;latin capital letter ae with acute
01fd;ae;latin small letter ae with acute
01fe;O;latin capital letter o with stroke and acute
01ff;o;latin small letter o with stroke and acute
0200;A;latin capital letter a with double grave
0201;a;latin small letter a with double grave
0202;A;latin capital letter a with inverted breve
0203;a;latin small letter a with inverted breve
0204;E;latin capital letter e with double grave
0205;e;latin small letter e with double grave
0206;E;latin capital letter e with inverted breve
0207;e;latin small letter e with inverted breve
0208;I;latin capital letter i with double grave
0209;i;latin small letter i with double grave
020a;I;latin capital letter i with inverted breve
020b;i;latin small letter i with inverted breve
020c;O;latin capital letter o with double grave
020d;o;latin small letter o with double grave
020e;O;latin capital letter o with inverted breve
020f;o;latin small letter o with inverted breve
0210;R;latin capital letter r with double grave
0211;r;latin small letter r with double grave
0212;R;latin capital letter r with inverted breve
0213;r;latin small letter r with inverted breve
0214;U;latin capital letter u with double grave
0215;u;latin small letter u with double grave
0216;U;latin capital letter u with inverted breve
0217;u;latin small letter u with inverted breve
0218;S;latin capital letter s with comma below
0219;s;latin small letter s with comma below
021a;T;latin capital letter t with comma below
021b;t;latin small letter t with comma below
021c;GH;latin capital letter yogh
021d;gh;latin small letter yogh
021e;H;latin capital letter h with caron
021f;h;latin small letter h with caron
0220;N;latin capital letter n with long right leg
0221;d;latin small letter d with curl
0222;OU;latin capital letter ou
0223;ou;latin small letter ou
0224;Z;latin capital letter z with hook
0225;z;latin small letter z with hook
0226;A;latin capital letter a with dot above
0227;a;latin small letter a with dot above
0228;E;latin capital letter e with cedilla
0229;e;latin small letter e with cedilla
022a;O;latin capital letter o with diaeresis and macron
022b;o;latin small letter o with diaeresis and macron
022c;O;latin capital letter o with tilde and macron
022d;o;latin small letter o with tilde and macron
022e;O;latin capital letter o with dot above
022f;o;latin small letter o with dot above
0230;O;latin capital letter o with dot above and macron
0231;o;latin small letter o with dot above and macron
0232;Y;latin capital letter y with macron
0233;y;latin small letter y with macron
0234;l;latin small letter l with curl
0235;n;latin small letter n with curl
0236;t;latin small letter t with curl
0237;j;latin small letter dotless j
0238;db;latin small letter db digraph
0239;qp;latin small letter qp digraph
023a;A;latin capital letter a with stroke
023b;C;latin capital letter c with stroke
023c;c;latin small letter c with stroke
023d;L;latin capital letter l with bar
023e;T;latin capital letter t with diagonal stroke
023f;s;latin small letter s with swash tail
0240;z;latin small letter z with swash tail
0241;?;latin capital letter glottal stop
0242;?;latin small letter glottal stop
0243;B;latin capital letter b with stroke
0244;U;latin capital letter u bar
0245;V;latin capital letter turned v
0246;E;latin capital letter e with stroke
0247;e;latin small letter e with stroke
0248;J;latin capital letter j with stroke
0249;j;latin small letter j with stroke
024a;Q;latin capital letter small q with hook tail
024b;q;latin small letter q with hook tail
024c;R;latin capital letter r with stroke
024d;r;latin small letter r with stroke
024e;Y;latin capital letter y with stroke
024f;y;latin small letter y with stroke
0250;a;latin small letter turned a
0251;a;latin small letter alpha
0252;a;latin small letter turned alpha
0253;b;latin small letter b with hook
0254;o;latin small letter open o
0255;c;latin small letter c with curl
0256;d;latin small letter d with tail
0257;d;latin small letter d with hook
0258;e;latin small letter reversed e
0259;ae;latin small letter schwa
025a;ae;latin small letter schwa with hook
025b;e;latin small letter open e
025c;e;latin small letter reversed open e
025d;e;latin small letter reversed open e with hook
025e;e;latin small letter closed reversed open e
025f;j;latin small letter dotless j with stroke
0260;g;latin small letter g with hook
0261;g;latin small letter script g
0262;G;latin letter small capital g
0263;g;latin small letter gamma
0265;h;latin small letter turned h
0266;h;latin small letter h with hook
0267;h;latin small letter heng with hook
0268;i;latin small letter i with stroke
0269;i;latin small letter iota
026a;I;latin letter small capital i
026b;l;latin small letter l with middle tilde
026c;l;latin small letter l with belt
026d;l;latin small letter l with retroflex hook
026f;m;latin small letter turned m
0270;m;latin small letter turned m with long leg
0271;m;latin small letter m with hook
0272;n;latin small letter n with left hook
0273;n;latin small letter n with retroflex hook
0274;N;latin letter small capital n
0275;o;latin small letter barred o
0276;OE;latin letter small capital oe
0277;o;latin small letter closed omega
0278;f;latin small letter phi
0279;r;latin small letter turned r
027a;r;latin small letter turned r with long leg
027b;r;latin small letter turned r with hook
027c;r;latin small letter r with long leg
027d;r;latin small letter r with tail
027e;r;latin small letter r with fishhook
027f;r;latin small letter reversed r with fishhook
0280;R;latin letter small capital r
0281;R;latin letter small capital inverted r
0282;s;latin small letter s with hook
0283;sh;latin small letter esh
0284;j;latin small letter dotless j with stroke and hook
0285;sh;latin small letter squat reversed esh
0286;sh;latin small letter esh with curl
0287;t;latin small letter turned t
0288;t;latin small letter t with retroflex hook
0289;u;latin small letter u bar
028a;u;latin small letter upsilon
028b;v;latin small letter v with hook
028c;v;latin small letter turned v
028d;w;latin small letter turned w
028e;y;latin small letter turned y
028f;Y;latin letter small capital y
0290;z;latin small letter z with retroflex hook
0291;z;latin small letter z with curl
0292;s;latin small letter ezh
0293;s;latin small letter ezh with curl
0294;?;latin letter glottal stop
0296;?;latin letter inverted glottal stop
0297;c;latin letter stretched c
0299;B;latin letter small capital b
029a;e;latin small letter closed open e
029b;G;latin letter small capital g with hook
029c;H;latin letter small capital h
029d;j;latin small letter j with crossed-tail
029e;k;latin small letter turned k
029f;L;latin letter small capital l
02a0;q;latin small letter q with hook
02a1;?;latin letter glottal stop with stroke
02a2;?;latin letter reversed glottal stop with stroke
02a3;dz;latin small letter dz digraph
02a4;dz;latin small letter dezh digraph
02a5;dz;latin small letter dz digraph with curl
02a6;ts;latin small letter ts digraph
02a7;tsh;latin small letter tesh digraph
02a8;tc;latin small letter tc digraph with curl
02a9;fng;latin small letter feng digraph
02aa;ls;latin small letter ls digraph
02ab;lz;latin small letter lz digraph
02ae;h;latin small letter turned h with fishhook
02af;h;latin small letter turned h with fishhook and tail
0363;a;combining latin small letter a
0364;e;combining latin small letter e
0365;i;combining latin small letter i
0366;o;combining latin small letter o
0367;u;combining latin small letter u
0368;c;combining latin small letter c
0369;d;combining latin small letter d
036a;h;combining latin small letter h
036b;m;combining latin small letter m
036c;r;combining latin small letter r
036d;t;combining latin small letter t
036e;v;combining latin small letter v
036f;x;combining latin small letter x
1d00;A;latin letter small capital a
1d01;AE;latin letter small capital ae
1d02;ae;latin small letter turned ae
1d03;B;latin letter small capital barred b
1d04;C;latin letter small capital c
1d05;D;latin letter small capital d
1d06;d;latin letter small capital eth
1d07;E;latin letter small capital e
1d08;e;latin small letter turned open e
1d09;i;latin small letter turned i
1d0a;J;latin letter small capital j
1d0b;K;latin letter small capital k
1d0c;L;latin letter small capital l with stroke
1d0d;M;latin letter small capital m
1d0e;N;latin letter small capital reversed n
1d0f;O;latin letter small capital o
1d10;O;latin letter small capital open o
1d11;o;latin small letter sideways o
1d12;o;latin small letter sideways open o
1d13;o;latin small letter sideways o with stroke
1d14;oe;latin small letter turned oe
1d15;OU;latin letter small capital ou
1d16;o;latin small letter top half o
1d17;o;latin small letter bottom half o
1d18;P;latin letter small capital p
1d19;R;latin letter small capital reversed r
1d1a;R;latin letter small capital turned r
1d1b;T;latin letter small capital t
1d1c;U;latin letter small capital u
1d1d;u;latin small letter sideways u
1d1e;u;latin small letter sideways diaeresized u
1d1f;m;latin small letter sideways turned m
1d20;V;latin letter small capital v
1d21;W;latin letter small capital w
1d22;Z;latin letter small capital z
1d23;s;latin letter small capital ezh
1d25;';latin letter ain
1d62;i;latin subscript small letter i
1d63;r;latin subscript small letter r
1d64;u;latin subscript small letter u
1d65;v;latin subscript small letter v
1d6b;ue;latin small letter ue
1d6c;b;latin small letter b with middle tilde
1d6d;d;latin small letter d with middle tilde
1d6e;f;latin small letter f with middle tilde
1d6f;m;latin small letter m with middle tilde
1d70;n;latin small letter n with middle tilde
1d71;p;latin small letter p with middle tilde
1d72;r;latin small letter r with middle tilde
1d73;r;latin small letter r with fishhook and middle tilde
1d74;s;latin small letter s with middle tilde
1d75;t;latin small letter t with middle tilde
1d76;z;latin small letter z with middle tilde
1d77;g;latin small letter turned g
1d79;g;latin small letter insular g
1d7a;th;latin small letter th with strikethrough
1d7b;I;latin small capital letter i with stroke
1d7c;i;latin small letter iota with stroke
1d7d;p;latin small letter p with stroke
1d7e;U;latin small capital letter u with stroke
1d7f;u;latin small letter upsilon with stroke
1d80;b;latin small letter b with palatal hook
1d81;d;latin small letter d with palatal hook
1d82;f;latin small letter f with palatal hook
1d83;g;latin small letter g with palatal hook
1d84;k;latin small letter k with palatal hook
1d85;l;latin small letter l with palatal hook
1d86;m;latin small letter m with palatal hook
1d87;n;latin small letter n with palatal hook
1d88;p;latin small letter p with palatal hook
1d89;r;latin small letter r with palatal hook
1d8a;s;latin small letter s with palatal hook
1d8b;sh;latin small letter esh with palatal hook
1d8c;v;latin small letter v with palatal hook
1d8d;x;latin small letter x with palatal hook
1d8e;z;latin small letter z with palatal hook
1d8f;a;latin small letter a with retroflex hook
1d90;a;latin small letter alpha with retroflex hook
1d91;d;latin small letter d with hook and tail
1d92;e;latin small letter e with retroflex hook
1d93;e;latin small letter open e with retroflex hook
1d94;e;latin small letter reversed open e with retroflex hook
1d95;ae;latin small letter schwa with retroflex hook
1d96;i;latin small letter i with retroflex hook
1d97;o;latin small letter open o with retroflex hook
1d98;sh;latin small letter esh with retroflex hook
1d99;u;latin small letter u with retroflex hook
1d9a;s;latin small letter ezh with retroflex hook
1dca;r;combining latin small letter r below
1dd3;a;combining latin small letter flattened open a above
1dd4;ae;combining latin small letter ae
1dd5;ao;combining latin small letter ao
1dd6;av;combining latin small letter av
1dd7;c;combining latin small letter c cedilla
1dd8;d;combining latin small letter insular d
1dd9;d;combining latin small letter eth
1dda;g;combining latin small letter g
1ddb;G;combining latin letter small capital g
1ddc;k;combining latin small letter k
1ddd;l;combining latin small letter l
1dde;L;combining latin letter small capital l
1ddf;M;combining latin letter small capital m
1de0;n;combining latin small letter n
1de1;N;combining latin letter small capital n
1de2;R;combining latin letter small capital r
1de3;r;combining latin small letter r rotunda
1de4;s;combining latin small letter s
1de5;s;combining latin small letter long s
1de6;z;combining latin small letter z
1de7;a;combining latin small letter alpha
1de8;b;combining latin small letter b
1de9;b;combining latin small letter beta
1dea;ae;combining latin small letter schwa
1deb;f;combining latin small letter f
1dec;l;combining latin small letter l with double middle tilde
1ded;o;combining latin small letter o with light centralization stroke
1dee;p;combining latin small letter p
1def;sh;combining latin small letter esh
1df0;u;combining latin small letter u with light centralization stroke
1df1;w;combining latin small letter w
1df2;a;combining latin small letter a with diaeresis
1df3;o;combining latin small letter o with diaeresis
1df4;u;combining latin small letter u with diaeresis
1e00;A;latin capital letter a with ring below
1e01;a;latin small letter a with ring below
1e02;B;latin capital letter b with dot above
1e03;b;latin small letter b with dot above
1e04;B;latin capital letter b with dot below
1e05;b;latin small letter b with dot below
1e06;B;latin capital letter b with line below
1e07;b;latin small letter b with line below
1e08;C;latin capital letter c with cedilla and acute
1e09;c;latin small letter c with cedilla and acute
1e0a;D;latin capital letter d with dot above
1e0b;d;latin small letter d with dot above
1e0c;D;latin capital letter d with dot below
1e0d;d;latin small letter d with dot below
1e0e;D;latin capital letter d with line below
1e0f;d;latin small letter d with line below
1e10;D;latin capital letter d with cedilla
1e11;d;latin small letter d with cedilla
1e12;D;latin capital letter d with circumflex below
1e13;d;latin small letter d with circumflex below
1e14;E;latin capital letter e with macron and grave
1e15;e;latin small letter e with macron and grave
1e16;E;latin capital letter e with macron and acute
1e17;e;latin small letter e with macron and acute
1e18;E;latin capital letter e with circumflex below
1e19;e;latin small letter e with circumflex below
1e1a;E;latin capital letter e with tilde below
1e1b;e;latin small letter e with tilde below
1e1c;E;latin capital letter e with cedilla and breve
1e1d;e;latin small letter e with cedilla and breve
1e1e;F;latin capital letter f with dot above
1e1f;f;latin small letter f with dot above
1e20;G;latin capital letter g with macron
1e21;g;latin small letter g with macron
1e22;H;latin capital letter h with dot above
1e23;h;latin small letter h with dot above
1e24;H;latin capital letter h with dot below
1e25;h;latin small letter h with dot below
1e26;H;latin capital letter h with diaeresis
1e27;h;latin small letter h with diaeresis
1e28;H;latin capital letter h with cedilla
1e29;h;latin small letter h with cedilla
1e2a;H;latin capital letter h with breve below
1e2b;h;latin small letter h with breve below
1e2c;I;latin capital letter i with tilde below
1e2d;i;latin small letter i with tilde below
1e2e;I;latin capital letter i with diaeresis and acute
1e2f;i;latin small letter i with diaeresis and acute
1e30;K;latin capital letter k with acute
1e31;k;latin small letter k with acute
1e32;K;latin capital letter k with dot below
1e33;k;latin small letter k with dot below
1e34;K;latin capital letter k with line below
1e35;k;latin small letter k with line below
1e36;L;latin capital letter l with dot below
1e37;l;latin small letter l with dot below
1e38;L;latin capital letter l with dot below and macron
1e39;l;latin small letter l with dot below and macron
1e3a;L;latin capital letter l with line below
1e3b;l;latin small letter l with line below
1e3c;L;latin capital letter l with circumflex below
1e3d;l;latin small letter l with circumflex below
1e3e;M;latin capital letter m with acute
1e3f;m;latin small letter m with acute
1e40;M;latin capital letter m with dot above
1e41;m;latin small letter m with dot above
1e42;M;latin capital letter m with dot below
1e43;m;latin small letter m with dot below
1e44;N;latin capital letter n with dot above
1e45;n;latin small letter n with dot above
1e46;N;latin capital letter n with dot below
1e47;n;latin small letter n with dot below
1e48;N;latin capital letter n with line below
1e49;n;latin small letter n with line below
1e4a;N;latin capital letter n with circumflex below
1e4b;n;latin small letter n with circumflex below
1e4c;O;latin capital letter o with tilde and acute
1e4d;o;latin small letter o with tilde and acute
1e4e;O;latin capital letter o with tilde and diaeresis
1e4f;o;latin small letter o with tilde and diaeresis
1e50;O;latin capital letter o with macron and grave
1e51;o;latin small letter o with macron and grave
1e52;O;latin capital letter o with macron and acute
1e53;o;latin small letter o with macron and acute
1e54;P;latin capital letter p with acute
1e55;p;latin small letter p with acute
1e56;P;latin capital letter p with dot above
1e57;p;latin small letter p with dot above
1e58;R;latin capital letter r with dot above
1e59;r;latin small letter r with dot above
1e5a;R;latin capital letter r with dot below
1e5b;r;latin small letter r with dot below
1e5c;R;latin capital letter r with dot below and macron
1e5d;r;latin small letter r with dot below and macron
1e5e;R;latin capital letter r with line below
1e5f;r;latin small letter r with line below
1e60;S;latin capital letter s with dot above
1e61;s;latin small letter s with dot above
1e62;S;latin capital letter s with dot below
1e63;s;latin small letter s with dot below
1e64;S;latin capital letter s with acute and dot above
1e65;s;latin small letter s with acute and dot above
1e66;S;latin capital letter s with caron and dot above
1e67;s;latin small letter s with caron and dot above
1e68;S;latin capital letter s with dot below and dot above
1e69;s;latin small letter s with dot below and dot above
1e6a;T;latin capital letter t with dot above
1e6b;t;latin small letter t with dot above
1e6c;T;latin capital letter t with dot below
1e6d;t;latin small letter t with dot below
1e6e;T;latin capital letter t with line below
1e6f;t;latin small letter t with line below
1e70;T;latin capital letter t with circumflex below
1e71;t;latin small letter t with circumflex below
1e72;U;latin capital letter u with diaeresis below
1e73;u;latin small letter u with diaeresis below
1e74;U;latin capital letter u with tilde below
1e75;u;latin small letter u with tilde below
1e76;U;latin capital letter u with circumflex below
1e77;u;latin small letter u with circumflex below
1e78;U;latin capital letter u with tilde and acute
1e79;u;latin small letter u with tilde and acute
1e7a;U;latin capital letter u with macron and diaeresis
1e7b;u;latin small letter u with macron and diaeresis
1e7c;V;latin capital letter v with tilde
1e7d;v;latin small letter v with tilde
1e7e;V;latin capital letter v with dot below
1e7f;v;latin small letter v with dot below
1e80;W;latin capital letter w with grave
1e81;w;latin small letter w with grave
1e82;W;latin capital letter w with acute
1e83;w;latin small letter w with acute
1e84;W;latin capital letter w with diaeresis
1e85;w;latin small letter w with diaeresis
1e86;W;latin capital letter w with dot above
1e87;w;latin small letter w with dot above
1e88;W;latin capital letter w with dot below
1e89;w;latin small letter w with dot below
1e8a;X;latin capital letter x with dot above
1e8b;x;latin small letter x with dot above
1e8c;X;latin capital letter x with diaeresis
1e8d;x;latin small letter x with diaeresis
1e8e;Y;latin capital letter y with dot above
1e8f;y;latin small letter y with dot above
1e90;Z;latin capital letter z with circumflex
1e91;z;latin small letter z with circumflex
1e92;Z;latin capital letter z with dot below
1e93;z;latin small letter z with dot below
1e94;Z;latin capital letter z with line below
1e95;z;latin small letter z with line below
1e96;h;latin small letter h with line below
1e97;t;latin small letter t with diaeresis
1e98;w;latin small letter w with ring above
1e99;y;latin small letter y with ring above
1e9a;a;latin small letter a with right half ring
1e9b;s;latin small letter long s with dot above
1e9c;s;latin small letter long s with diagonal stroke
1e9d;s;latin small letter long s with high stroke
1e9e;S;latin capital letter sharp s
1e9f;d;latin small letter delta
1ea0;A;latin capital letter a with dot below
1ea1;a;latin small letter a with dot below
1ea2;A;latin capital letter a with hook above
1ea3;a;latin small letter a with hook above
1ea4;A;latin capital letter a with circumflex and acute
1ea5;a;latin small letter a with circumflex and acute
1ea6;A;latin capital letter a with circumflex and grave
1ea7;a;latin small letter a with circumflex and grave
1ea8;A;latin capital letter a with circumflex and hook above
1ea9;a;latin small letter a with circumflex and hook above
1eaa;A;latin capital letter a with circumflex and tilde
1eab;a;latin small letter a with circumflex and tilde
1eac;A;latin capital letter a with circumflex and dot below
1ead;a;latin small letter a with circumflex and dot below
1eae;A;latin capital letter a with breve and acute
1eaf;a;latin small letter a with breve and acute
1eb0;A;latin capital letter a with breve and grave
1eb1;a;latin small letter a with breve and grave
1eb2;A;latin capital letter a with breve and hook above
1eb3;a;latin small letter a with breve and hook above
1eb4;A;latin capital letter a with breve and tilde
1eb5;a;latin small letter a with breve and tilde
1eb6;A;latin capital letter a with breve and dot below
1eb7;a;latin small letter a with breve and dot below
1eb8;E;latin capital letter e with dot below
1eb9;e;latin small letter e with dot below
1eba;E;latin capital letter e with hook above
1ebb;e;latin small letter e with hook above
1ebc;E;latin capital letter e with tilde
1ebd;e;latin small letter e with tilde
1ebe;E;latin capital letter e with circumflex and acute
1ebf;e;latin small letter e with circumflex and acute
1ec0;E;latin capital letter e with circumflex and grave
1ec1;e;latin small letter e with circumflex and grave
1ec2;E;latin capital letter e with circumflex and hook above
1ec3;e;latin small letter e with circumflex and hook above
1ec4;E;latin capital letter e with circumflex and tilde
1ec5;e;latin small letter e with circumflex and tilde
1ec6;E;latin capital letter e with circumflex and dot below
1ec7;e;latin small letter e with circumflex and dot below
1ec8;I;latin capital letter i with hook above
1ec9;i;latin small letter i with hook above
1eca;I;latin capital letter i with dot below
1ecb;i;latin small letter i with dot below
1ecc;O;latin capital letter o with dot below
1ecd;o;latin small letter o with dot below
1ece;O;latin capital letter o with hook above
1ecf;o;latin small letter o with hook above
1ed0;O;latin capital letter o with circumflex and acute
1ed1;o;latin small letter o with circumflex and acute
1ed2;O;latin capital letter o with circumflex and grave
1ed3;o;latin small letter o with circumflex and grave
1ed4;O;latin capital letter o with circumflex and hook above
1ed5;o;latin small letter o with circumflex and hook above
1ed6;O;latin capital letter o with circumflex and tilde
1ed7;o;latin small letter o with circumflex and tilde
1ed8;O;latin capital letter o with circumflex and dot below
1ed9;o;latin small letter o with circumflex and dot below
1eda;O;latin capital letter o with horn and acute
1edb;o;latin small letter o with horn and acute
1edc;O;latin capital letter o with horn and grave
1edd;o;latin small letter o with horn and grave
1ede;O;latin capital letter o with horn and hook above
1edf;o;latin small letter o with horn and hook above
1ee0;O;latin capital letter o with horn and tilde
1ee1;o;latin small letter o with horn and tilde
1ee2;O;latin capital letter o with horn and dot below
1ee3;o;latin small letter o with horn and dot below
1ee4;U;latin capital letter u with dot below
1ee5;u;latin small letter u with dot below
1ee6;U;latin capital letter u with hook above
1ee7;u;latin small letter u with hook above
1ee8;U;latin capital letter u with horn and acute
1ee9;u;latin small letter u with horn and acute
1eea;U;latin capital letter u with horn and grave
1eeb;u;latin small letter u with horn and grave
1eec;U;latin capital letter u with horn and hook above
1eed;u;latin small letter u with horn and hook above
1eee;U;latin capital letter u with horn and tilde
1eef;u;latin small letter u with horn and tilde
1ef0;U;latin capital letter u with horn and dot below
1ef1;u;latin small letter u with horn and dot below
1ef2;Y;latin capital letter y with grave
1ef3;y;latin small letter y with grave
1ef4;Y;latin capital letter y with dot below
1ef5;y;latin small letter y with dot below
1ef6;Y;latin capital letter y with hook above
1ef7;y;latin small letter y with hook above
1ef8;Y;latin capital letter y with tilde
1ef9;y;latin small letter y with tilde
1efa;LL;latin capital letter middle-welsh ll
1efb;ll;latin small letter middle-welsh ll
1efc;V;latin capital letter middle-welsh v
1efd;v;latin small letter middle-welsh v
1efe;Y;latin capital letter y with loop
1eff;y;latin small letter y with loop
2071;i;superscript latin small letter i
207f;n;superscript latin small letter n
2090;a;latin subscript small letter a
2091;e;latin subscript small letter e
2092;o;latin subscript small letter o
2093;x;latin subscript small letter x
2094;ae;latin subscript small letter schwa
2095;h;latin subscript small letter h
2096;k;latin subscript small letter k
2097;l;latin subscript small letter l
2098;m;latin subscript small letter m
2099;n;latin subscript small letter n
209a;p;latin subscript small letter p
209b;s;latin subscript small letter s
209c;t;latin subscript small letter t
2184;c;latin small letter reversed c
249c;a;parenthesized latin small letter a
249d;b;parenthesized latin small letter b
249e;c;parenthesized latin small letter c
249f;d;parenthesized latin small letter d
24a0;e;parenthesized latin small letter e
24a1;f;parenthesized latin small letter f
24a2;g;parenthesized latin small letter g
24a3;h;parenthesized latin small letter h
24a4;i;parenthesized latin small letter i
24a5;j;parenthesized latin small letter j
24a6;k;parenthesized latin small letter k
24a7;l;parenthesized latin small letter l
24a8;m;parenthesized latin small letter m
24a9;n;parenthesized latin small letter n
24aa;o;parenthesized latin small letter o
24ab;p;parenthesized latin small letter p
24ac;q;parenthesized latin small letter q
24ad;r;parenthesized latin small letter r
24ae;s;parenthesized latin small letter s
24af;t;parenthesized latin small letter t
24b0;u;parenthesized latin small letter u
24b1;v;parenthesized latin small letter v
24b2;w;parenthesized latin small letter w
24b3;x;parenthesized latin small letter x
24b4;y;parenthesized latin small letter y
24b5;z;parenthesized latin small letter z
24b6;A;circled latin capital letter a
24b7;B;circled latin capital letter b
24b8;C;circled latin capital letter c
24b9;D;circled latin capital letter d
24ba;E;circled latin capital letter e
24bb;F;circled latin capital letter f
24bc;G;circled latin capital letter g
24bd;H;circled latin capital letter h
24be;I;circled latin capital letter i
24bf;J;circled latin capital letter j
24c0;K;circled latin capital letter k
24c1;L;circled latin capital letter l
24c2;M;circled latin capital letter m
24c3;N;circled latin capital letter n
24c4;O;circled latin capital letter o
24c5;P;circled latin capital letter p
24c6;Q;circled latin capital letter q
24c7;R;circled latin capital letter r
24c8;S;circled latin capital letter s
24c9;T;circled latin capital letter t
24ca;U;circled latin capital letter u
24cb;V;circled latin capital letter v
24cc;W;circled latin capital letter w
24cd;X;circled latin capital letter x
24ce;Y;circled latin capital letter y
24cf;Z;circled latin capital letter z
24d0;a;circled latin small letter a
24d1;b;circled latin small letter b
24d2;c;circled latin small letter c
24d3;d;circled latin small letter d
24d4;e;circled latin small letter e
24d5;f;circled latin small letter f
24d6;g;circled latin small letter g
24d7;h;circled latin small letter h
24d8;i;circled latin small letter i
24d9;j;circled latin small letter j
24da;k;circled latin small letter k
24db;l;circled latin small letter l
24dc;m;circled latin small letter m
24dd;n;circled latin small letter n
24de;o;circled latin small letter o
24df;p;circled latin small letter p
24e0;q;circled latin small letter q
24e1;r;circled latin small letter r
24e2;s;circled latin small letter s
24e3;t;circled latin small letter t
24e4;u;circled latin small letter u
24e5;v;circled latin small letter v
24e6;w;circled latin small letter w
24e7;x;circled latin small letter x
24e8;y;circled latin small letter y
24e9;z;circled latin small letter z
271d;+;latin cross
271e;+;shadowed white latin cross
271f;+;outlined latin cross
2c2e;M;glagolitic capital letter latinate myslite
2c5e;m;glagolitic small letter latinate myslite
2c60;L;latin capital letter l with double bar
2c61;l;latin small letter l with double bar
2c62;L;latin capital letter l with middle tilde
2c63;P;latin capital letter p with stroke
2c64;R;latin capital letter r with tail
2c65;a;latin small letter a with stroke
2c66;t;latin small letter t with diagonal stroke
2c67;H;latin capital letter h with descender
2c68;h;latin small letter h with descender
2c69;K;latin capital letter k with descender
2c6a;k;latin small letter k with descender
2c6b;Z;latin capital letter z with descender
2c6c;z;latin small letter z with descender
2c6d;A;latin capital letter alpha
2c6e;M;latin capital letter m with hook
2c6f;A;latin capital letter turned a
2c70;A;latin capital letter turned alpha
2c71;v;latin small letter v with right hook
2c72;W;latin capital letter w with hook
2c73;w;latin small letter w with hook
2c74;v;latin small letter v with curl
2c75;H;latin capital letter half h
2c76;h;latin small letter half h
2c77;f;latin small letter tailless phi
2c78;e;latin small letter e with notch
2c79;r;latin small letter turned r with tail
2c7a;o;latin small letter o with low ring inside
2c7b;E;latin letter small capital turned e
2c7c;j;latin subscript small letter j
2c7e;S;latin capital letter s with swash tail
2c7f;Z;latin capital letter z with swash tail
a722;A;latin capital letter egyptological alef
a723;a;latin small letter egyptological alef
a724;';latin capital letter egyptological ain
a725;';latin small letter egyptological ain
a726;H;latin capital letter heng
a727;h;latin small letter heng
a728;TZ;latin capital letter tz
a729;tz;latin small letter tz
a72a;C';latin capital letter tresillo
a72b;c';latin small letter tresillo
a72c;K';latin capital letter cuatrillo
a72d;k';latin small letter cuatrillo
a72e;TS';latin capital letter cuatrillo with comma
a72f;ts';latin small letter cuatrillo with comma
a730;F;latin letter small capital f
a731;S;latin letter small capital s
a732;AA;latin capital letter aa
a733;aa;latin small letter aa
a734;AO;latin capital letter ao
a735;ao;latin small letter ao
a736;AU;latin capital letter au
a737;au;latin small letter au
a738;AV;latin capital letter av
a739;av;latin small letter av
a73a;AV;latin capital letter av with horizontal bar
a73b;av;latin small letter av with horizontal bar
a73c;AY;latin capital letter ay
a73d;ay;latin small letter ay
a73e;C;latin capital letter reversed c with dot
a73f;c;latin small letter reversed c with dot
a740;K;latin capital letter k with stroke
a741;k;latin small letter k with stroke
a742;K;latin capital letter k with diagonal stroke
a743;k;latin small letter k with diagonal stroke
a744;K;latin capital letter k with stroke and diagonal stroke
a745;k;latin small letter k with stroke and diagonal stroke
a746;L;latin capital letter broken l
a747;l;latin small letter broken l
a748;L;latin capital letter l with high stroke
a749;l;latin small letter l with high stroke
a74a;O;latin capital letter o with long stroke overlay
a74b;o;latin small letter o with long stroke overlay
a74c;O;latin capital letter o with loop
a74d;o;latin small letter o with loop
a74e;OO;latin capital letter oo
a74f;oo;latin small letter oo
a750;P;latin capital letter p with stroke through descender
a751;p;latin small letter p with stroke through descender
a752;P;latin capital letter p with flourish
a753;p;latin small letter p with flourish
a754;P;latin capital letter p with squirrel tail
a755;p;latin small letter p with squirrel tail
a756;Q;latin capital letter q with stroke through descender
a757;q;latin small letter q with stroke through descender
a758;Q;latin capital letter q with diagonal stroke
a759;q;latin small letter q with diagonal stroke
a75a;r;latin capital letter r rotunda
a75b;r;latin small letter r rotunda
a75e;V;latin capital letter v with diagonal stroke
a75f;v;latin small letter v with diagonal stroke
a760;VY;latin capital letter vy
a761;vy;latin small letter vy
a762;Z;latin capital letter visigothic z
a763;z;latin small letter visigothic z
a764;Th;latin capital letter thorn with stroke
a765;th;latin small letter thorn with stroke
a766;Th;latin capital letter thorn with stroke through descender
a767;th;latin small letter thorn with stroke through descender
a768;V;latin capital letter vend
a769;v;latin small letter vend
a76a;ET;latin capital letter et
a76b;et;latin small letter et
a76c;IS;latin capital letter is
a76d;is;latin small letter is
a779;D;latin capital letter insular d
a77a;d;latin small letter insular d
a77b;F;latin capital letter insular f
a77c;f;latin small letter insular f
a77d;G;latin capital letter insular g
a77e;G;latin capital letter turned insular g
a77f;g;latin small letter turned insular g
a780;L;latin capital letter turned l
a781;l;latin small letter turned l
a782;R;latin capital letter insular r
a783;r;latin small letter insular r
a784;S;latin capital letter insular s
a785;s;latin small letter insular s
a786;T;latin capital letter insular t
a787;t;latin small letter insular t
a78b;';latin capital letter saltillo
a78c;';latin small letter saltillo
a78d;H;latin capital letter turned h
a78e;l;latin small letter l with retroflex hook and belt
a78f;-;latin letter sinological dot
a790;N;latin capital letter n with descender
a791;n;latin small letter n with descender
a792;C;latin capital letter c with bar
a793;c;latin small letter c with bar
a794;c;latin small letter c with palatal hook
a795;h;latin small letter h with palatal hook
a796;B;latin capital letter b with flourish
a797;b;latin small letter b with flourish
a798;F;latin capital letter f with stroke
a799;f;latin small letter f with stroke
a79a;AE;latin capital letter volapuk ae
a79b;ae;latin small letter volapuk ae
a79c;OE;latin capital letter volapuk oe
a79d;oe;latin small letter volapuk oe
a79e;UE;latin capital letter volapuk ue
a79f;ue;latin small letter volapuk ue
a7a0;G;latin capital letter g with oblique stroke
a7a1;g;latin small letter g with oblique stroke
a7a2;K;latin capital letter k with oblique stroke
a7a3;k;latin small letter k with oblique stroke
a7a4;N;latin capital letter n with oblique stroke
a7a5;n;latin small letter n with oblique stroke
a7a6;R;latin capital letter r with oblique stroke
a7a7;r;latin small letter r with oblique stroke
a7a8;S;latin capital letter s with oblique stroke
a7a9;s;latin small letter s with oblique stroke
a7aa;H;latin capital letter h with hook
a7ab;E;latin capital letter reversed open e
a7ac;G;latin capital letter script g
a7ad;L;latin capital letter l with belt
a7ae;I;latin capital letter small capital i
a7b0;K;latin capital letter turned k
a7b1;T;latin capital letter turned t
a7b2;J;latin capital letter j with crossed-tail
a7b3;CH;latin capital letter chi
a7b4;B;latin capital letter beta
a7b5;b;latin small letter beta
a7b6;O;latin capital letter omega
a7b7;o;latin small letter omega
a7f7;i;latin epigraphic letter sideways i
a7fa;M;latin letter small capital turned m
a7fb;f;latin epigraphic letter reversed f
a7fc;p;latin epigraphic letter reversed p
a7fd;m;latin epigraphic letter inverted m
a7fe;i;latin epigraphic letter i longa
a7ff;m;latin epigraphic letter archaic m
ab30;a;latin small letter barred alpha
ab31;ae;latin small letter a reversed-schwa
ab32;e;latin small letter blackletter e
ab33;e;latin small letter barred e
ab34;e;latin small letter e with flourish
ab35;f;latin small letter lenis f
ab36;g;latin small letter script g with crossed-tail
ab37;l;latin small letter l with inverted lazy s
ab38;l;latin small letter l with double middle tilde
ab39;l;latin small letter l with middle ring
ab3a;m;latin small letter m with crossed-tail
ab3b;n;latin small letter n with crossed-tail
ab3c;ng;latin small letter eng with crossed-tail
ab3d;o;latin small letter blackletter o
ab3e;o;latin small letter blackletter o with stroke
ab3f;o;latin small letter open o with stroke
ab40;oe;latin small letter inverted oe
ab41;oe;latin small letter turned oe with stroke
ab42;oe;latin small letter turned oe with horizontal stroke
ab43;o;latin small letter turned o open-o
ab44;o;latin small letter turned o open-o with stroke
ab45;r;latin small letter stirrup r
ab46;R;latin letter small capital r with right leg
ab47;r;latin small letter r without handle
ab48;rr;latin small letter double r
ab49;r;latin small letter r with crossed-tail
ab4a;r;latin small letter double r with crossed-tail
ab4b;r;latin small letter script r
ab4c;r;latin small letter script r with ring
ab4d;sh;latin small letter baseline esh
ab4e;u;latin small letter u with short right leg
ab4f;u;latin small letter u bar with short right leg
ab50;ui;latin small letter ui
ab51;ui;latin small letter turned ui
ab52;u;latin small letter u with left hook
ab53;ch;latin small letter chi
ab54;ch;latin small letter chi with low right ring
ab55;ch;latin small letter chi with low left serif
ab56;x;latin small letter x with low right ring
ab57;x;latin small letter x with long left leg
ab58;x;latin small letter x with long left leg and low right ring
ab59;x;latin small letter x with long left leg with serif
ab5a;y;latin small letter y with short right leg
ab61;e;latin small letter iotified e
ab62;oe;latin small letter open oe
ab63;uo;latin small letter uo
ab64;a;latin small letter inverted alpha
fb00;ff;latin small ligature ff
fb01;fi;latin small ligature fi
fb02;fl;latin small ligature fl
fb03;ffi;latin small ligature ffi
fb04;ffl;latin small ligature ffl
fb05;st;latin small ligature long s t
fb06;st;latin small ligature st
ff21;A;fullwidth latin capital letter a
ff22;B;fullwidth latin capital letter b
ff23;C;fullwidth latin capital letter c
ff24;D;fullwidth latin capital letter d
ff25;E;fullwidth latin capital letter e
ff26;F;fullwidth latin capital letter f
ff27;G;fullwidth latin capital letter g
ff28;H;fullwidth latin capital letter h
ff29;I;fullwidth latin capital letter i
ff2a;J;fullwidth latin capital letter j
ff2b;K;fullwidth latin capital letter k
ff2c;L;fullwidth latin capital letter l
ff2d;M;fullwidth latin capital letter m
ff2e;N;fullwidth latin capital letter n
ff2f;O;fullwidth latin capital letter o
ff30;P;fullwidth latin capital letter p
ff31;Q;fullwidth latin capital letter q
ff32;R;fullwidth latin capital letter r
ff33;S;fullwidth latin capital letter s
ff34;T;fullwidth latin capital letter t
ff35;U;fullwidth latin capital letter u
ff36;V;fullwidth latin capital letter v
ff37;W;fullwidth latin capital letter w
ff38;X;fullwidth latin capital letter x
ff39;Y;fullwidth latin capital letter y
ff3a;Z;fullwidth latin capital letter z
ff41;a;fullwidth latin small letter a
ff42;b;fullwidth latin small letter b
ff43;c;fullwidth latin small letter c
ff44;d;fullwidth latin small letter d
ff45;e;fullwidth latin small letter e
ff46;f;fullwidth latin small letter f
ff47;g;fullwidth latin small letter g
ff48;h;fullwidth latin small letter h
ff49;i;fullwidth latin small letter i
ff4a;j;fullwidth latin small letter j
ff4b;k;fullwidth latin small letter k
ff4c;l;fullwidth latin small letter l
ff4d;m;fullwidth latin small letter m
ff4e;n;fullwidth latin small letter n
ff4f;o;fullwidth latin small letter o
ff50;p;fullwidth latin small letter p
ff51;q;fullwidth latin small letter q
ff52;r;fullwidth latin small letter r
ff53;s;fullwidth latin small letter s
ff54;t;fullwidth latin small letter t
ff55;u;fullwidth latin small letter u
ff56;v;fullwidth latin small letter v
ff57;w;fullwidth latin small letter w
ff58;x;fullwidth latin small letter x
ff59;y;fullwidth latin small letter y
ff5a;z;fullwidth latin small letter z
1f110;A;parenthesized latin capital letter a
1f111;B;parenthesized latin capital letter b
1f112;C;parenthesized latin capital letter c
1f113;D;parenthesized latin capital letter d
1f114;E;parenthesized latin capital letter e
1f115;F;parenthesized latin capital letter f
1f116;G;parenthesized latin capital letter g
1f117;H;parenthesized latin capital letter h
1f118;I;parenthesized latin capital letter i
1f119;J;parenthesized latin capital letter j
1f11a;K;parenthesized latin capital letter k
1f11b;L;parenthesized latin capital letter l
1f11c;M;parenthesized latin capital letter m
1f11d;N;parenthesized latin capital letter n
1f11e;O;parenthesized latin capital letter o
1f11f;P;parenthesized latin capital letter p
1f120;Q;parenthesized latin capital letter q
1f121;R;parenthesized latin capital letter r
1f122;S;parenthesized latin capital letter s
1f123;T;parenthesized latin capital letter t
1f124;U;parenthesized latin capital letter u
1f125;V;parenthesized latin capital letter v
1f126;W;parenthesized latin capital letter w
1f127;X;parenthesized latin capital letter x
1f128;Y;parenthesized latin capital letter y
1f129;Z;parenthesized latin capital letter z
1f12a;S;tortoise shell bracketed latin capital letter s
1f12b;C;circled italic latin capital letter c
1f12c;R;circled italic latin capital letter r
1f130;A;squared latin capital letter a
1f131;B;squared latin capital letter b
1f132;C;squared latin capital letter c
1f133;D;squared latin capital letter d
1f134;E;squared latin capital letter e
1f135;F;squared latin capital letter f
1f136;G;squared latin capital letter g
1f137;H;squared latin capital letter h
1f138;I;squared latin capital letter i
1f139;J;squared latin capital letter j
1f13a;K;squared latin capital letter k
1f13b;L;squared latin capital letter l
1f13c;M;squared latin capital letter m
1f13d;N;squared latin capital letter n
1f13e;O;squared latin capital letter o
1f13f;P;squared latin capital letter p
1f140;Q;squared latin capital letter q
1f141;R;squared latin capital letter r
1f142;S;squared latin capital letter s
1f143;T;squared latin capital letter t
1f144;U;squared latin capital letter u
1f145;V;squared latin capital letter v
1f146;W;squared latin capital letter w
1f147;X;squared latin capital letter x
1f148;Y;squared latin capital letter y
1f149;Z;squared latin capital letter z
1f150;A;negative circled latin capital letter a
1f151;B;negative circled latin capital letter b
1f152;C;negative circled latin capital letter c
1f153;D;negative circled latin capital letter d
1f154;E;negative circled latin capital letter e
1f155;F;negative circled latin capital letter f
1f156;G;negative circled latin capital letter g
1f157;H;negative circled latin capital letter h
1f158;I;negative circled latin capital letter i
1f159;J;negative circled latin capital letter j
1f15a;K;negative circled latin capital letter k
1f15b;L;negative circled latin capital letter l
1f15c;M;negative circled latin capital letter m
1f15d;N;negative circled latin capital letter n
1f15e;O;negative circled latin capital letter o
1f15f;P;negative circled latin capital letter p
1f160;Q;negative circled latin capital letter q
1f161;R;negative circled latin capital letter r
1f162;S;negative circled latin capital letter s
1f163;T;negative circled latin capital letter t
1f164;U;negative circled latin capital letter u
1f165;V;negative circled latin capital letter v
1f166;W;negative circled latin capital letter w
1f167;X;negative circled latin capital letter x
1f168;Y;negative circled latin capital letter y
1f169;Z;negative circled latin capital letter z
1f170;A;negative squared latin capital letter a
1f171;B;negative squared latin capital letter b
1f172;C;negative squared latin capital letter c
1f173;D;negative squared latin capital letter d
1f174;E;negative squared latin capital letter e
1f175;F;negative squared latin capital letter f
1f176;G;negative squared latin capital letter g
1f177;H;negative squared latin capital letter h
1f178;I;negative squared latin capital letter i
1f179;J;negative squared latin capital letter j
1f17a;K;negative squared latin capital letter k
1f17b;L;negative squared latin capital letter l
1f17c;M;negative squared latin capital letter m
1f17d;N;negative squared latin capital letter n
1f17e;O;negative squared latin capital letter o
1f17f;P;negative squared latin capital letter p
1f180;Q;negative squared latin capital letter q
1f181;R;negative squared latin capital letter r
1f182;S;negative squared latin capital letter s
1f183;T;negative squared latin capital letter t
1f184;U;negative squared latin capital letter u
1f185;V;negative squared latin capital letter v
1f186;W;negative squared latin capital letter w
1f187;X;negative squared latin capital letter x
1f188;Y;negative squared latin capital letter y
1f189;Z;negative squared latin capital letter z
1f18a;P;crossed negative squared latin capital letter p
1f1a5;d;squared latin small letter d
1f546;+;white latin cross
1f547;+;heavy latin cross
e0041;A;tag latin capital letter a
e0042;B;tag latin capital letter b
e0043;C;tag latin capital letter c
e0044;D;tag latin capital letter d
e0045;E;tag latin capital letter e
e0046;F;tag latin capital letter f
e0047;G;tag latin capital letter g
e0048;H;tag latin capital letter h
e0049;I;tag latin capital letter i
e004a;J;tag latin capital letter j
e004b;K;tag latin capital letter k
e004c;L;tag latin capital letter l
e004d;M;tag latin capital letter m
e004e;N;tag latin capital letter n
e004f;O;tag latin capital letter o
e0050;P;tag latin capital letter p
e0051;Q;tag latin capital letter q
e0052;R;tag latin capital letter r
e0053;S;tag latin capital letter s
e0054;T;tag latin capital letter t
e0055;U;tag latin capital letter u
e0056;V;tag latin capital letter v
e0057;W;tag latin capital letter w
e0058;X;tag latin capital letter x
e0059;Y;tag latin capital letter y
e005a;Z;tag latin capital letter z
e0061;a;tag latin small letter a
e0062;b;tag latin small letter b
e0063;c;tag latin small letter c
e0064;d;tag latin small letter d
e0065;e;tag latin small letter e
e0066;f;tag latin small letter f
e0067;g;tag latin small letter g
e0068;h;tag latin small letter h
e0069;i;tag latin small letter i
e006a;j;tag latin small letter j
e006b;k;tag latin small letter k
e006c;l;tag latin small letter l
e006d;m;tag latin small letter m
e006e;n;tag latin small letter n
e006f;o;tag latin small letter o
e0070;p;tag latin small letter p
e0071;q;tag latin small letter q
e0072;r;tag latin small letter r
e0073;s;tag latin small letter s
e0074;t;tag latin small letter t
e0075;u;tag latin small letter u
e0076;v;tag latin small letter v
e0077;w;tag latin small letter w
e0078;x;tag latin small letter x
e0079;y;tag latin small letter y
e007a;z;tag latin small letter z
